rank,genre,hr_total_playtime
1,Action,51892709.82000001
2,Indie,24910373.199999996
3,RPG,17350378.64
4,Adventure,15166585.14
5,Simulation,14460771.61
6,Strategy,10989397.239999998
7,Free to Play,10179215.710000003
8,Massively Multiplayer,7443234.640000001
9,Casual,4203880.9
10,Early Access,2645021.1599999997
11,Sports,1097486.2600000002
12,Racing,1061640.9300000002
13,Utilities,78373.35
14,Design &amp; Illustration,68371.0
15,Web Publishing,46343.409999999996
16,Video Production,40148.189999999995
17,Animation & Modeling,33455.79
18,Software Training,9517.22
19,Audio Production,9266.699999999999
20,Education,6925.950000000001
21,Photo Editing,1923.76
22,Accounting,0.0
